"City","City_latitude","City_longitude","State","Airport","Airport_latitude","Airport_longitude","iata_code"
"Port Blair","11.6683","92.7378","Andaman and Nicobar Islands","Vir Savarkar International Airport","11.64120007","92.72969818","IXZ"
"Diglipur","13.2667","93","Andaman and Nicobar Islands","Vir Savarkar International Airport","11.64120007","92.72969818","IXZ"
"Rongat","12.4667","92.9333","Andaman and Nicobar Islands","Vir Savarkar International Airport","11.64120007","92.72969818","IXZ"
"Vishakhapatnam","17.7042","83.2978","Andhra Pradesh","Kadapa Airport","14.51","78.772778","CDP"
"Vijayawada","16.5193","80.6305","Andhra Pradesh","Kadapa Airport","14.51","78.772778","CDP"
"Guntur","16.3008","80.4428","Andhra Pradesh","Kadapa Airport","14.51","78.772778","CDP"
"Nellore","14.45","79.99","Andhra Pradesh","Kadapa Airport","14.51","78.772778","CDP"
"Kurnool","15.83","78.05","Andhra Pradesh","Kadapa Airport","14.51","78.772778","CDP"
"Kakinada","16.9661","82.255","Andhra Pradesh","Kadapa Airport","14.51","78.772778","CDP"
"Cuddapah","14.47","78.82","Andhra Pradesh","Kadapa Airport","14.51","78.772778","CDP"
"Rajahmundry","16.98","81.78","Andhra Pradesh","Kadapa Airport","14.51","78.772778","CDP"
"Tirupati","13.65","79.42","Andhra Pradesh","Kadapa Airport","14.51","78.772778","CDP"
"Anantapur","14.68","77.599","Andhra Pradesh","Kadapa Airport","14.51","78.772778","CDP"
"Tuni","17.35","82.55","Andhra Pradesh","Kadapa Airport","14.51","78.772778","CDP"
"Machilipatnam","16.17","81.13","Andhra Pradesh","Kadapa Airport","14.51","78.772778","CDP"
"Vizianagaram","18.1159","83.406","Andhra Pradesh","Kadapa Airport","14.51","78.772778","CDP"
"Ongole","15.506","80.049","Andhra Pradesh","Kadapa Airport","14.51","78.772778","CDP"
"Kodumur","15.6833","77.7833","Andhra Pradesh","Kadapa Airport","14.51","78.772778","CDP"
"Ellore","16.7117","81.1031","Andhra Pradesh","Kadapa Airport","14.51","78.772778","CDP"
"Nandyal","15.48","78.48","Andhra Pradesh","Kadapa Airport","14.51","78.772778","CDP"
"Pulimaddi","15.5386","78.4613","Andhra Pradesh","Kadapa Airport","14.51","78.772778","CDP"
"Madanapalle","13.55","78.5","Andhra Pradesh","Kadapa Airport","14.51","78.772778","CDP"
"Chirala","15.8246","80.3521","Andhra Pradesh","Kadapa Airport","14.51","78.772778","CDP"
"Adoni","15.6279","77.2749","Andhra Pradesh","Kadapa Airport","14.51","78.772778","CDP"
"Alasandigutta","15.6244","77.2731","Andhra Pradesh","Kadapa Airport","14.51","78.772778","CDP"
"Tenali","16.239","80.645","Andhra Pradesh","Kadapa Airport","14.51","78.772778","CDP"
"Proddatur","14.75","78.55","Andhra Pradesh","Kadapa Airport","14.51","78.772778","CDP"
"Chittoor","13.216","79.098","Andhra Pradesh","Kadapa Airport","14.51","78.772778","CDP"
"Hindupur","13.83","77.49","Andhra Pradesh","Kadapa Airport","14.51","78.772778","CDP"
"Nuzvid","16.7881","80.8465","Andhra Pradesh","Kadapa Airport","14.51","78.772778","CDP"
"Bhimavaram","16.543","81.523","Andhra Pradesh","Kadapa Airport","14.51","78.772778","CDP"
"Chicacole","18.3","83.9","Andhra Pradesh","Kadapa Airport","14.51","78.772778","CDP"
"Guntakal","15.17","77.38","Andhra Pradesh","Kadapa Airport","14.51","78.772778","CDP"
"Dharmavaram","14.43","77.72","Andhra Pradesh","Kadapa Airport","14.51","78.772778","CDP"
"Jandrapeta","15.8246","80.3521","Andhra Pradesh","Kadapa Airport","14.51","78.772778","CDP"
"Gudivada","16.43","80.99","Andhra Pradesh","Kadapa Airport","14.51","78.772778","CDP"
"Narasaraopet","16.236","80.0498","Andhra Pradesh","Kadapa Airport","14.51","78.772778","CDP"
"Tadpatri","14.92","78.02","Andhra Pradesh","Kadapa Airport","14.51","78.772778","CDP"
"Tadepallegudem","16.815","81.526","Andhra Pradesh","Kadapa Airport","14.51","78.772778","CDP"
"Amaravati","16.5131","80.5165","Andhra Pradesh","Kadapa Airport","14.51","78.772778","CDP"
"Chilakalurupet","16.0892","80.1672","Andhra Pradesh","Kadapa Airport","14.51","78.772778","CDP"
"Suramala","13.76","79.7","Andhra Pradesh","Kadapa Airport","14.51","78.772778","CDP"
"Kalluru","15.8344","78.0292","Andhra Pradesh","Kadapa Airport","14.51","78.772778","CDP"
"Pedagadi","17.6615","83.2104","Andhra Pradesh","Kadapa Airport","14.51","78.772778","CDP"
"Emmiganur","15.7333","77.4833","Andhra Pradesh","Kadapa Airport","14.51","78.772778","CDP"
"Yalamakuru","15.5103","77.5249","Andhra Pradesh","Kadapa Airport","14.51","78.772778","CDP"
"Rayachoti","14.0583","78.7517","Andhra Pradesh","Kadapa Airport","14.51","78.772778","CDP"
"Kavali","14.913","79.9929","Andhra Pradesh","Kadapa Airport","14.51","78.772778","CDP"
"Kadiri","14.12","78.17","Andhra Pradesh","Kadapa Airport","14.51","78.772778","CDP"
"Anakapalle","17.6913","83.0039","Andhra Pradesh","Kadapa Airport","14.51","78.772778","CDP"
"Chinnachauku","14.4732","78.8451","Andhra Pradesh","Kadapa Airport","14.51","78.772778","CDP"
"Tanuku","16.7566","81.677","Andhra Pradesh","Kadapa Airport","14.51","78.772778","CDP"
"Yanam","16.7333","82.2167","Andhra Pradesh","Kadapa Airport","14.51","78.772778","CDP"
"Gangammapeta","18.498","83.9642","Andhra Pradesh","Kadapa Airport","14.51","78.772778","CDP"
"Gudur","14.1473","79.8477","Andhra Pradesh","Kadapa Airport","14.51","78.772778","CDP"
"Mangalagiri","16.43","80.55","Andhra Pradesh","Kadapa Airport","14.51","78.772778","CDP"
"Rayadrug","14.6997","76.8524","Andhra Pradesh","Kadapa Airport","14.51","78.772778","CDP"
"Markapur","15.73","79.26","Andhra Pradesh","Kadapa Airport","14.51","78.772778","CDP"
"Bapatla","15.9044","80.4675","Andhra Pradesh","Kadapa Airport","14.51","78.772778","CDP"
"Badvel","14.75","79.05","Andhra Pradesh","Kadapa Airport","14.51","78.772778","CDP"
"Piduguralla","16.4793","79.8863","Andhra Pradesh","Kadapa Airport","14.51","78.772778","CDP"
"Pulivendla","14.4194","78.225","Andhra Pradesh","Kadapa Airport","14.51","78.772778","CDP"
"Tadepalle","16.4803","80.6186","Andhra Pradesh","Kadapa Airport","14.51","78.772778","CDP"
"Pamuru","15.097","79.409","Andhra Pradesh","Kadapa Airport","14.51","78.772778","CDP"
"Nagari","13.3214","79.5856","Andhra Pradesh","Kadapa Airport","14.51","78.772778","CDP"
"Razampeta","14.1954","79.159","Andhra Pradesh","Kadapa Airport","14.51","78.772778","CDP"
"Chandralapadu","16.715","80.2089","Andhra Pradesh","Kadapa Airport","14.51","78.772778","CDP"
"Ponnuru","16.0667","80.5667","Andhra Pradesh","Kadapa Airport","14.51","78.772778","CDP"
"Vinukonda","16.05","79.75","Andhra Pradesh","Kadapa Airport","14.51","78.772778","CDP"
"Dhone","15.396","77.872","Andhra Pradesh","Kadapa Airport","14.51","78.772778","CDP"
"Narasapur","16.4361","81.7016","Andhra Pradesh","Kadapa Airport","14.51","78.772778","CDP"
"Palasa","18.7731","84.4078","Andhra Pradesh","Kadapa Airport","14.51","78.772778","CDP"
"Macherla","16.48","79.43","Andhra Pradesh","Kadapa Airport","14.51","78.772778","CDP"
"Kandukur","15.2167","79.9042","Andhra Pradesh","Kadapa Airport","14.51","78.772778","CDP"
"Samalkot","17.0531","82.1695","Andhra Pradesh","Kadapa Airport","14.51","78.772778","CDP"
"Bobbili","18.5667","83.3667","Andhra Pradesh","Kadapa Airport","14.51","78.772778","CDP"
"Sattenapalle","16.3962","80.1497","Andhra Pradesh","Kadapa Airport","14.51","78.772778","CDP"
"Mandapeta","16.87","81.93","Andhra Pradesh","Kadapa Airport","14.51","78.772778","CDP"
"Atchampeta","15.5412","78.9503","Andhra Pradesh","Kadapa Airport","14.51","78.772778","CDP"
"Bhimunipatnam","17.8846","83.4393","Andhra Pradesh","Kadapa Airport","14.51","78.772778","CDP"
"Pithapuram","17.1167","82.2667","Andhra Pradesh","Kadapa Airport","14.51","78.772778","CDP"
"Punganuru","13.3667","78.5833","Andhra Pradesh","Kadapa Airport","14.51","78.772778","CDP"
"Puttur","13.45","79.55","Andhra Pradesh","Kadapa Airport","14.51","78.772778","CDP"
"Palmaner","13.2","78.75","Andhra Pradesh","Kadapa Airport","14.51","78.772778","CDP"
"Parvatipuram","18.78","83.425","Andhra Pradesh","Kadapa Airport","14.51","78.772778","CDP"
"Mansala","15.9417","77.4281","Andhra Pradesh","Kadapa Airport","14.51","78.772778","CDP"
"Jaggayyapeta","16.892","80.0976","Andhra Pradesh","Kadapa Airport","14.51","78.772778","CDP"
"Amalapuram","16.5787","82.0061","Andhra Pradesh","Kadapa Airport","14.51","78.772778","CDP"
"Venkatagiri","13.9667","79.5833","Andhra Pradesh","Kadapa Airport","14.51","78.772778","CDP"
"Jiyyammavalasa","18.8186","83.5797","Andhra Pradesh","Kadapa Airport","14.51","78.772778","CDP"
"Zangareddigudem","17.1229","81.2953","Andhra Pradesh","Kadapa Airport","14.51","78.772778","CDP"
"Repalle","16.0172","80.8294","Andhra Pradesh","Kadapa Airport","14.51","78.772778","CDP"
"Sulleru","18.5333","83.2167","Andhra Pradesh","Kadapa Airport","14.51","78.772778","CDP"
"Peddapuram","17.08","82.13","Andhra Pradesh","Kadapa Airport","14.51","78.772778","CDP"
"Prattipadu","16.1878","80.3392","Andhra Pradesh","Kadapa Airport","14.51","78.772778","CDP"
"Jaggisettigudem","17.1167","81.3","Andhra Pradesh","Kadapa Airport","14.51","78.772778","CDP"
"Guntakal Junction","15.1711","77.3624","Andhra Pradesh","Kadapa Airport","14.51","78.772778","CDP"
"Gooty","15.121","77.634","Andhra Pradesh","Kadapa Airport","14.51","78.772778","CDP"
"Nandikotkur","15.867","78.267","Andhra Pradesh","Kadapa Airport","14.51","78.772778","CDP"
"Vuyyuru","16.3667","80.85","Andhra Pradesh","Kadapa Airport","14.51","78.772778","CDP"
"Jammalamadugu","14.85","78.38","Andhra Pradesh","Kadapa Airport","14.51","78.772778","CDP"
"Gollalagunta","17.1672","82.2847","Andhra Pradesh","Kadapa Airport","14.51","78.772778","CDP"
"Nayudupet","13.9","79.9","Andhra Pradesh","Kadapa Airport","14.51","78.772778","CDP"
"Alamuru","16.7833","81.9","Andhra Pradesh","Kadapa Airport","14.51","78.772778","CDP"
"Dowlaiswaram","16.9556","81.7931","Andhra Pradesh","Kadapa Airport","14.51","78.772778","CDP"
"Rapur","14.2015","79.5351","Andhra Pradesh","Kadapa Airport","14.51","78.772778","CDP"
"Nandigama","16.7833","80.3","Andhra Pradesh","Kadapa Airport","14.51","78.772778","CDP"
"Ananipalle","13.4902","79.2895","Andhra Pradesh","Kadapa Airport","14.51","78.772778","CDP"
"Janakammapeta","15.0125","79.8439","Andhra Pradesh","Kadapa Airport","14.51","78.772778","CDP"
"Addanki","15.8167","79.9833","Andhra Pradesh","Kadapa Airport","14.51","78.772778","CDP"
"Nidadavole","16.92","81.67","Andhra Pradesh","Kadapa Airport","14.51","78.772778","CDP"
"Ramachandrapuram","16.85","82.02","Andhra Pradesh","Kadapa Airport","14.51","78.772778","CDP"
"Alluru","15.1336","78.4975","Andhra Pradesh","Kadapa Airport","14.51","78.772778","CDP"
"Pileru","13.6549","78.9471","Andhra Pradesh","Kadapa Airport","14.51","78.772778","CDP"
"Vavveru","14.5594","79.8725","Andhra Pradesh","Kadapa Airport","14.51","78.772778","CDP"
"Erramvaripalem","15.8495","80.3861","Andhra Pradesh","Kadapa Airport","14.51","78.772778","CDP"
"Amudalavalasa","18.4167","83.9","Andhra Pradesh","Kadapa Airport","14.51","78.772778","CDP"
"Atmakur","15.8779","78.5884","Andhra Pradesh","Kadapa Airport","14.51","78.772778","CDP"
"Kovvur","17.017","81.731","Andhra Pradesh","Kadapa Airport","14.51","78.772778","CDP"
"Betamcherla","15.4667","78.1667","Andhra Pradesh","Kadapa Airport","14.51","78.772778","CDP"
"Penumur","13.3667","79.1833","Andhra Pradesh","Kadapa Airport","14.51","78.772778","CDP"
"Vetapalem","15.78","80.32","Andhra Pradesh","Kadapa Airport","14.51","78.772778","CDP"
"Buchireddipalem","14.538","79.875","Andhra Pradesh","Kadapa Airport","14.51","78.772778","CDP"
"Kanigiri","15.4","79.5167","Andhra Pradesh","Kadapa Airport","14.51","78.772778","CDP"
"Kadiyam","16.9167","81.8333","Andhra Pradesh","Kadapa Airport","14.51","78.772778","CDP"
"Dachepalle","16.6","79.7333","Andhra Pradesh","Kadapa Airport","14.51","78.772778","CDP"
"Ichchapuram","19.12","84.7","Andhra Pradesh","Kadapa Airport","14.51","78.772778","CDP"
"Vempalle","14.3667","78.4667","Andhra Pradesh","Kadapa Airport","14.51","78.772778","CDP"
"Uravakonda","14.95","77.27","Andhra Pradesh","Kadapa Airport","14.51","78.772778","CDP"
"Giddalur","15.3764","78.9251","Andhra Pradesh","Kadapa Airport","14.51","78.772778","CDP"
"Allagadda","15.1322","78.5138","Andhra Pradesh","Kadapa Airport","14.51","78.772778","CDP"
"Madakalavaripalli","14.7475","79.0843","Andhra Pradesh","Kadapa Airport","14.51","78.772778","CDP"
"Tiruvur","17.1","80.6","Andhra Pradesh","Kadapa Airport","14.51","78.772778","CDP"
"Narsipatnam","17.665","82.614","Andhra Pradesh","Kadapa Airport","14.51","78.772778","CDP"
"Darsi","15.7667","79.6833","Andhra Pradesh","Kadapa Airport","14.51","78.772778","CDP"
"Kondapalle","16.6183","80.5411","Andhra Pradesh","Kadapa Airport","14.51","78.772778","CDP"
"Elesvaram","17.2833","82.1","Andhra Pradesh","Kadapa Airport","14.51","78.772778","CDP"
"Erraguntla","14.6333","78.5333","Andhra Pradesh","Kadapa Airport","14.51","78.772778","CDP"
"Kalyandrug","14.55","77.1","Andhra Pradesh","Kadapa Airport","14.51","78.772778","CDP"
"Kovur","14.5001","79.9859","Andhra Pradesh","Kadapa Airport","14.51","78.772778","CDP"
"Akividu","16.5823","81.3811","Andhra Pradesh","Kadapa Airport","14.51","78.772778","CDP"
"Podili","15.604","79.608","Andhra Pradesh","Kadapa Airport","14.51","78.772778","CDP"
"Tummapala","17.7166","82.9965","Andhra Pradesh","Kadapa Airport","14.51","78.772778","CDP"
"Tekkali","18.6057","84.2355","Andhra Pradesh","Kadapa Airport","14.51","78.772778","CDP"
"Pedana","16.2667","81.1667","Andhra Pradesh","Kadapa Airport","14.51","78.772778","CDP"
"Chimakurti","15.5149","80.0368","Andhra Pradesh","Kadapa Airport","14.51","78.772778","CDP"
"Kaluvaya","14.5","79.4167","Andhra Pradesh","Kadapa Airport","14.51","78.772778","CDP"
"Sarpavaram","17.0102","82.225","Andhra Pradesh","Kadapa Airport","14.51","78.772778","CDP"
"Ibrahimpatnam","16.583","80.5143","Andhra Pradesh","Kadapa Airport","14.51","78.772778","CDP"
"Atmakur","14.6167","79.6167","Andhra Pradesh","Kadapa Airport","14.51","78.772778","CDP"
"Pattikonda","15.4","77.5167","Andhra Pradesh","Kadapa Airport","14.51","78.772778","CDP"
"Nalakadoddi","15.4","77.5167","Andhra Pradesh","Kadapa Airport","14.51","78.772778","CDP"
"Ramanayyapeta","17.3203","82.1014","Andhra Pradesh","Kadapa Airport","14.51","78.772778","CDP"
"Srungavarapukota","18.1167","83.1667","Andhra Pradesh","Kadapa Airport","14.51","78.772778","CDP"
"Tanguturu","15.35","80.05","Andhra Pradesh","Kadapa Airport","14.51","78.772778","CDP"
"Suluru","13.7","80.018","Andhra Pradesh","Kadapa Airport","14.51","78.772778","CDP"
"Penukonda","14.085","77.596","Andhra Pradesh","Kadapa Airport","14.51","78.772778","CDP"
"Parimpudi","17.1171","81.4342","Andhra Pradesh","Kadapa Airport","14.51","78.772778","CDP"
"Payakaraopeta","17.3627","82.5572","Andhra Pradesh","Kadapa Airport","14.51","78.772778","CDP"
"Pamidi","14.95","77.5833","Andhra Pradesh","Kadapa Airport","14.51","78.772778","CDP"
"Mamidalapadu","15.831","78.05","Andhra Pradesh","Kadapa Airport","14.51","78.772778","CDP"
"Narasannapeta","18.4167","84.05","Andhra Pradesh","Kadapa Airport","14.51","78.772778","CDP"
"Buddayyakota","13.8196","78.1729","Andhra Pradesh","Kadapa Airport","14.51","78.772778","CDP"
"Kottakota","13.6592","78.2467","Andhra Pradesh","Kadapa Airport","14.51","78.772778","CDP"
"Guruzala","16.58","79.57","Andhra Pradesh","Kadapa Airport","14.51","78.772778","CDP"
"Guduru","15.775","77.807","Andhra Pradesh","Kadapa Airport","14.51","78.772778","CDP"
"Renigunta","13.65","79.52","Andhra Pradesh","Kadapa Airport","14.51","78.772778","CDP"
"Chintalapudi","17.0417","80.5901","Andhra Pradesh","Kadapa Airport","14.51","78.772778","CDP"
"Poranki","16.4743","80.7128","Andhra Pradesh","Kadapa Airport","14.51","78.772778","CDP"
"Attili","16.7","81.6","Andhra Pradesh","Kadapa Airport","14.51","78.772778","CDP"
"Vodurivandlagudem","16.4286","81.133","Andhra Pradesh","Kadapa Airport","14.51","78.772778","CDP"
"Maduru","14.7616","78.6171","Andhra Pradesh","Kadapa Airport","14.51","78.772778","CDP"
"Pata Kalidindi","16.5014","81.2908","Andhra Pradesh","Kadapa Airport","14.51","78.772778","CDP"
"Gorantla","13.9892","77.7703","Andhra Pradesh","Kadapa Airport","14.51","78.772778","CDP"
"Kottapeta","16.7167","81.9","Andhra Pradesh","Kadapa Airport","14.51","78.772778","CDP"
"Aklvidu","16.6","81.3833","Andhra Pradesh","Kadapa Airport","14.51","78.772778","CDP"
"Vinnamala","13.9074","79.9086","Andhra Pradesh","Kadapa Airport","14.51","78.772778","CDP"
"Singarayakonda","15.25","80.0203","Andhra Pradesh","Kadapa Airport","14.51","78.772778","CDP"
"Mogalturru","16.4167","81.6","Andhra Pradesh","Kadapa Airport","14.51","78.772778","CDP"
"Ukkayapalle","14.4898","78.8927","Andhra Pradesh","Kadapa Airport","14.51","78.772778","CDP"
"Kosigi","15.85","77.2667","Andhra Pradesh","Kadapa Airport","14.51","78.772778","CDP"
"Sundararaopeta","16.8031","81.6419","Andhra Pradesh","Kadapa Airport","14.51","78.772778","CDP"
"Yadiki","15.05","77.88","Andhra Pradesh","Kadapa Airport","14.51","78.772778","CDP"
"Koilkuntla","15.2333","78.3167","Andhra Pradesh","Kadapa Airport","14.51","78.772778","CDP"
"Tirumala","13.6833","79.35","Andhra Pradesh","Kadapa Airport","14.51","78.772778","CDP"
"Avanigadda","16.0197","80.92","Andhra Pradesh","Kadapa Airport","14.51","78.772778","CDP"
"Mummidivaram","16.65","82.1167","Andhra Pradesh","Kadapa Airport","14.51","78.772778","CDP"
"Kotturu","17.0436","81.7705","Andhra Pradesh","Kadapa Airport","14.51","78.772778","CDP"
"Gollapudi","16.5412","80.5784","Andhra Pradesh","Kadapa Airport","14.51","78.772778","CDP"
"Patakakani","16.34","80.4908","Andhra Pradesh","Kadapa Airport","14.51","78.772778","CDP"
"Ravulapalem","16.4833","81.9833","Andhra Pradesh","Kadapa Airport","14.51","78.772778","CDP"
"Velugodu","15.7817","78.6892","Andhra Pradesh","Kadapa Airport","14.51","78.772778","CDP"
"Kanchika","16.6856","80.3892","Andhra Pradesh","Kadapa Airport","14.51","78.772778","CDP"
"Ankireddikuntapalem","15.9154","80.2108","Andhra Pradesh","Kadapa Airport","14.51","78.772778","CDP"
"Bukkarayasamudram","14.6944","77.6381","Andhra Pradesh","Kadapa Airport","14.51","78.772778","CDP"
"Kuppam","12.75","78.37","Andhra Pradesh","Kadapa Airport","14.51","78.772778","CDP"
"Mailavaram","16.7833","80.6333","Andhra Pradesh","Kadapa Airport","14.51","78.772778","CDP"
"Vendram","16.562","81.4696","Andhra Pradesh","Kadapa Airport","14.51","78.772778","CDP"
"Chagallu","16.9833","81.6667","Andhra Pradesh","Kadapa Airport","14.51","78.772778","CDP"
"Pakala","13.4667","79.1167","Andhra Pradesh","Kadapa Airport","14.51","78.772778","CDP"
"Madakasira","13.9369","77.2694","Andhra Pradesh","Kadapa Airport","14.51","78.772778","CDP"
"Ganapavaram","16.1233","80.1721","Andhra Pradesh","Kadapa Airport","14.51","78.772778","CDP"
"Pendurti","17.8278","83.2022","Andhra Pradesh","Kadapa Airport","14.51","78.772778","CDP"
"Maruturu","15.9862","80.1041","Andhra Pradesh","Kadapa Airport","14.51","78.772778","CDP"
"Pamarru","16.327","80.961","Andhra Pradesh","Kadapa Airport","14.51","78.772778","CDP"
"Kaikalur","16.5509","81.2","Andhra Pradesh","Kadapa Airport","14.51","78.772778","CDP"
"Chagalamarri","14.9667","78.5833","Andhra Pradesh","Kadapa Airport","14.51","78.772778","CDP"
"Nizampatam","15.9","80.6667","Andhra Pradesh","Kadapa Airport","14.51","78.772778","CDP"
"Palkonda","18.6","83.75","Andhra Pradesh","Kadapa Airport","14.51","78.772778","CDP"
"Banganapalle","15.3167","78.2333","Andhra Pradesh","Kadapa Airport","14.51","78.772778","CDP"
"Gannavaram","16.5333","80.8","Andhra Pradesh","Kadapa Airport","14.51","78.772778","CDP"
"Achampet","16.6299","80.1213","Andhra Pradesh","Kadapa Airport","14.51","78.772778","CDP"
"Vinjamur","14.833","79.583","Andhra Pradesh","Kadapa Airport","14.51","78.772778","CDP"
"Kamalapuram","14.5833","78.65","Andhra Pradesh","Kadapa Airport","14.51","78.772778","CDP"
"Nellimarla","18.1667","83.4333","Andhra Pradesh","Kadapa Airport","14.51","78.772778","CDP"
"Nadikude","16.5941","79.7167","Andhra Pradesh","Kadapa Airport","14.51","78.772778","CDP"
"Chandragiri","13.5833","79.3167","Andhra Pradesh","Kadapa Airport","14.51","78.772778","CDP"
"Gopavaram","14.7853","78.5728","Andhra Pradesh","Kadapa Airport","14.51","78.772778","CDP"
"Chodavaram","17.8333","82.95","Andhra Pradesh","Kadapa Airport","14.51","78.772778","CDP"
"Erragondapalem","16.0397","79.3043","Andhra Pradesh","Kadapa Airport","14.51","78.772778","CDP"
"Marjampad","16.592","79.908","Andhra Pradesh","Kadapa Airport","14.51","78.772778","CDP"
"Kothanuru","16.0022","81.0417","Andhra Pradesh","Kadapa Airport","14.51","78.772778","CDP"
"Karlapalem","15.9333","80.55","Andhra Pradesh","Kadapa Airport","14.51","78.772778","CDP"
"Ellamanda","16.1847","80.0546","Andhra Pradesh","Kadapa Airport","14.51","78.772778","CDP"
"Kanekallu","14.8864","77.0317","Andhra Pradesh","Kadapa Airport","14.51","78.772778","CDP"
"Namburu","16.36","80.52","Andhra Pradesh","Kadapa Airport","14.51","78.772778","CDP"
"Akanavaritota","16.4141","81.6367","Andhra Pradesh","Kadapa Airport","14.51","78.772778","CDP"
"Yandrapalle","16.0472","79.3073","Andhra Pradesh","Kadapa Airport","14.51","78.772778","CDP"
"Peruru","14.3503","77.3497","Andhra Pradesh","Kadapa Airport","14.51","78.772778","CDP"
"Chinna Ganjam","15.7","80.25","Andhra Pradesh","Kadapa Airport","14.51","78.772778","CDP"
"Narapala","14.7206","77.8106","Andhra Pradesh","Kadapa Airport","14.51","78.772778","CDP"
"Varidhanam","16.5576","81.8303","Andhra Pradesh","Kadapa Airport","14.51","78.772778","CDP"
"Somandepalle","14.0078","77.6086","Andhra Pradesh","Kadapa Airport","14.51","78.772778","CDP"
"Gatada","18.4144","83.5041","Andhra Pradesh","Kadapa Airport","14.51","78.772778","CDP"
"Jaggampeta","17.1833","82.05","Andhra Pradesh","Kadapa Airport","14.51","78.772778","CDP"
"Kottakota","17.7513","82.7004","Andhra Pradesh","Kadapa Airport","14.51","78.772778","CDP"
"Sompeta","18.93","84.6","Andhra Pradesh","Kadapa Airport","14.51","78.772778","CDP"
"Tadikonda","16.4167","80.4542","Andhra Pradesh","Kadapa Airport","14.51","78.772778","CDP"
"Sirvel","15.321","78.5344","Andhra Pradesh","Kadapa Airport","14.51","78.772778","CDP"
"Asakapalle","17.7364","83.3","Andhra Pradesh","Kadapa Airport","14.51","78.772778","CDP"
"Tummalapenta","14.8997","80.0687","Andhra Pradesh","Kadapa Airport","14.51","78.772778","CDP"
"Kottapalle","17.2918","81.8939","Andhra Pradesh","Kadapa Airport","14.51","78.772778","CDP"
"Kotta Kalidindi","16.5032","81.2877","Andhra Pradesh","Kadapa Airport","14.51","78.772778","CDP"
"Lakshmaneswaram","16.4082","81.6867","Andhra Pradesh","Kadapa Airport","14.51","78.772778","CDP"
"Veldurti","15.5667","77.9167","Andhra Pradesh","Kadapa Airport","14.51","78.772778","CDP"
"Vissannapeta","16.9398","80.7828","Andhra Pradesh","Kadapa Airport","14.51","78.772778","CDP"
"Pulla","16.806","81.3241","Andhra Pradesh","Kadapa Airport","14.51","78.772778","CDP"
"Inkollu","15.83","80.2","Andhra Pradesh","Kadapa Airport","14.51","78.772778","CDP"
"Vayalpad","13.65","78.6333","Andhra Pradesh","Kadapa Airport","14.51","78.772778","CDP"
"Gunjapalle","14.3845","77.9495","Andhra Pradesh","Kadapa Airport","14.51","78.772778","CDP"
"Yerrapalem","16.15","80.03","Andhra Pradesh","Kadapa Airport","14.51","78.772778","CDP"
"Padugupadu","14.4885","79.9923","Andhra Pradesh","Kadapa Airport","14.51","78.772778","CDP"
"Tadigadapa","16.4713","80.697","Andhra Pradesh","Kadapa Airport","14.51","78.772778","CDP"
"Gudipallipadu","14.4588","80.0482","Andhra Pradesh","Kadapa Airport","14.51","78.772778","CDP"
"Challapalle","16.1167","80.9333","Andhra Pradesh","Kadapa Airport","14.51","78.772778","CDP"
"Pernamitta","15.5333","80","Andhra Pradesh","Kadapa Airport","14.51","78.772778","CDP"
"Srikurmam","18.2708","84.0044","Andhra Pradesh","Kadapa Airport","14.51","78.772778","CDP"
"Perupalem","16.3705","81.5813","Andhra Pradesh","Kadapa Airport","14.51","78.772778","CDP"
"Kottapeta","15.7913","80.377","Andhra Pradesh","Kadapa Airport","14.51","78.772778","CDP"
"Kamavarapukota","17.0031","81.1219","Andhra Pradesh","Kadapa Airport","14.51","78.772778","CDP"
"Tsundupalle","13.9809","78.9152","Andhra Pradesh","Kadapa Airport","14.51","78.772778","CDP"
"Balighattam","17.651","82.6059","Andhra Pradesh","Kadapa Airport","14.51","78.772778","CDP"
"Gonegandla","15.7167","77.6","Andhra Pradesh","Kadapa Airport","14.51","78.772778","CDP"
"Podalakur","14.3667","79.7333","Andhra Pradesh","Kadapa Airport","14.51","78.772778","CDP"
"Kakkalapalle","14.6415","77.5668","Andhra Pradesh","Kadapa Airport","14.51","78.772778","CDP"
"Paragaticherla","16.2496","79.9679","Andhra Pradesh","Kadapa Airport","14.51","78.772778","CDP"
"Rentachintala","16.5525","79.5533","Andhra Pradesh","Kadapa Airport","14.51","78.772778","CDP"
"Gokavaram","17.2667","81.85","Andhra Pradesh","Kadapa Airport","14.51","78.772778","CDP"
"Phirangipuram","16.2889","80.2628","Andhra Pradesh","Kadapa Airport","14.51","78.772778","CDP"
"Nunna","16.5788","80.6841","Andhra Pradesh","Kadapa Airport","14.51","78.772778","CDP"
"Galivedu","14.0333","78.5","Andhra Pradesh","Kadapa Airport","14.51","78.772778","CDP"
"Kota","14.0333","80.05","Andhra Pradesh","Kadapa Airport","14.51","78.772778","CDP"
"Tadikalapudi","16.5356","81.1033","Andhra Pradesh","Kadapa Airport","14.51","78.772778","CDP"
"Porumamilla","15.0167","78.9833","Andhra Pradesh","Kadapa Airport","14.51","78.772778","CDP"
"Agiripalle","16.6833","80.65","Andhra Pradesh","Kadapa Airport","14.51","78.772778","CDP"
"Chennur","14.5667","78.8","Andhra Pradesh","Kadapa Airport","14.51","78.772778","CDP"
"Anantapalle","16.9767","81.4442","Andhra Pradesh","Kadapa Airport","14.51","78.772778","CDP"
"Kolluru","16.1847","80.7961","Andhra Pradesh","Kadapa Airport","14.51","78.772778","CDP"
"Vontimitta","14.3833","79.0333","Andhra Pradesh","Kadapa Airport","14.51","78.772778","CDP"
"Penugonda","16.6547","81.7445","Andhra Pradesh","Kadapa Airport","14.51","78.772778","CDP"
"Patapatnam","18.75","84.0833","Andhra Pradesh","Kadapa Airport","14.51","78.772778","CDP"
"Udayagiri","14.8667","79.3167","Andhra Pradesh","Kadapa Airport","14.51","78.772778","CDP"
"Kasimkota","17.6736","82.9634","Andhra Pradesh","Kadapa Airport","14.51","78.772778","CDP"
"Dubacherla","16.9116","81.3569","Andhra Pradesh","Kadapa Airport","14.51","78.772778","CDP"
"Narendrapatnam","17.0964","81.8812","Andhra Pradesh","Kadapa Airport","14.51","78.772778","CDP"
"Kolakaluru","16.3052","80.6182","Andhra Pradesh","Kadapa Airport","14.51","78.772778","CDP"
"Antarvedi","16.3333","81.7333","Andhra Pradesh","Kadapa Airport","14.51","78.772778","CDP"
"Ernagudem","16.9989","81.5061","Andhra Pradesh","Kadapa Airport","14.51","78.772778","CDP"
"Vatluru","16.7009","81.0525","Andhra Pradesh","Kadapa Airport","14.51","78.772778","CDP"
"Vemuladivi","16.3408","81.6958","Andhra Pradesh","Kadapa Airport","14.51","78.772778","CDP"
"Chilamatturu","13.8394","77.7039","Andhra Pradesh","Kadapa Airport","14.51","78.772778","CDP"
"Kambaduru","14.3575","77.2186","Andhra Pradesh","Kadapa Airport","14.51","78.772778","CDP"
"Vipparla","16.3023","79.9373","Andhra Pradesh","Kadapa Airport","14.51","78.772778","CDP"
"Bugganipalle","15.4741","78.175","Andhra Pradesh","Kadapa Airport","14.51","78.772778","CDP"
"Maddikera","15.25","77.417","Andhra Pradesh","Kadapa Airport","14.51","78.772778","CDP"
"Undi","16.6","81.4667","Andhra Pradesh","Kadapa Airport","14.51","78.772778","CDP"
"Bhanumukkala","15.3119","78.2277","Andhra Pradesh","Kadapa Airport","14.51","78.772778","CDP"
"Peddaboddepalle","17.6606","82.6296","Andhra Pradesh","Kadapa Airport","14.51","78.772778","CDP"
"Mulakaledu","14.3648","76.9267","Andhra Pradesh","Kadapa Airport","14.51","78.772778","CDP"
"Billapadu","16.6364","80.9661","Andhra Pradesh","Kadapa Airport","14.51","78.772778","CDP"
"Pyapali","15.2669","77.7611","Andhra Pradesh","Kadapa Airport","14.51","78.772778","CDP"
"Tondangi","17.25","82.4667","Andhra Pradesh","Kadapa Airport","14.51","78.772778","CDP"
"Cumbum","15.5667","79.1167","Andhra Pradesh","Kadapa Airport","14.51","78.772778","CDP"
"Gurramkonda","13.7833","78.5833","Andhra Pradesh","Kadapa Airport","14.51","78.772778","CDP"
"Putaparti","14.166","77.811","Andhra Pradesh","Kadapa Airport","14.51","78.772778","CDP"
"Peddapalle","14.4046","78.9456","Andhra Pradesh","Kadapa Airport","14.51","78.772778","CDP"
"Damalcheruvu","13.4833","79.05","Andhra Pradesh","Kadapa Airport","14.51","78.772778","CDP"
"Chipurupalle","18.3","83.5667","Andhra Pradesh","Kadapa Airport","14.51","78.772778","CDP"
"Devarapalle","17.03","81.37","Andhra Pradesh","Kadapa Airport","14.51","78.772778","CDP"
"Kankipadu","16.45","80.7833","Andhra Pradesh","Kadapa Airport","14.51","78.772778","CDP"
"Vemuluru","16.9337","81.8057","Andhra Pradesh","Kadapa Airport","14.51","78.772778","CDP"
"Holalagondi","15.4873","77.0464","Andhra Pradesh","Kadapa Airport","14.51","78.772778","CDP"
"Paniem","15.5167","78.35","Andhra Pradesh","Kadapa Airport","14.51","78.772778","CDP"
"Kottacheruvu","14.1886","77.7658","Andhra Pradesh","Kadapa Airport","14.51","78.772778","CDP"
"Relangi","16.705","81.647","Andhra Pradesh","Kadapa Airport","14.51","78.772778","CDP"
"Gundlapelle","16.4102","79.8813","Andhra Pradesh","Kadapa Airport","14.51","78.772778","CDP"
"Nagireddipalli","14.2701","79.1013","Andhra Pradesh","Kadapa Airport","14.51","78.772778","CDP"
"Gavinivaripalem","15.8378","80.4315","Andhra Pradesh","Kadapa Airport","14.51","78.772778","CDP"
"Pakala","15.2694","80.072","Andhra Pradesh","Kadapa Airport","14.51","78.772778","CDP"
"Alur","15.3942","77.2264","Andhra Pradesh","Kadapa Airport","14.51","78.772778","CDP"
"Mutyalapalle","16.4019","81.5703","Andhra Pradesh","Kadapa Airport","14.51","78.772778","CDP"
"Karempudi","16.4333","79.7167","Andhra Pradesh","Kadapa Airport","14.51","78.772778","CDP"
"Penuganchiprolu","16.9033","80.2356","Andhra Pradesh","Kadapa Airport","14.51","78.772778","CDP"
"Muttukuru","14.2667","80.1","Andhra Pradesh","Kadapa Airport","14.51","78.772778","CDP"
"Kottavalasa","17.9","83.2","Andhra Pradesh","Kadapa Airport","14.51","78.772778","CDP"
"Viraghattam","18.6833","83.6","Andhra Pradesh","Kadapa Airport","14.51","78.772778","CDP"
"Anantarazupeta","14.0014","79.3319","Andhra Pradesh","Kadapa Airport","14.51","78.772778","CDP"
"Unguturu","16.823","81.4238","Andhra Pradesh","Kadapa Airport","14.51","78.772778","CDP"
"Bikkavolu","16.95","82.05","Andhra Pradesh","Kadapa Airport","14.51","78.772778","CDP"
"Chebrolu","16.8206","81.4048","Andhra Pradesh","Kadapa Airport","14.51","78.772778","CDP"
"Nallagunta","16.5763","80.6854","Andhra Pradesh","Kadapa Airport","14.51","78.772778","CDP"
"Katravulapalle","17.1277","82.0831","Andhra Pradesh","Kadapa Airport","14.51","78.772778","CDP"
"Antarvedipalem","16.3319","81.732","Andhra Pradesh","Kadapa Airport","14.51","78.772778","CDP"
"Uttukkottai","13.3354","79.898","Andhra Pradesh","Kadapa Airport","14.51","78.772778","CDP"
"Brahmanandapuram","16.9583","82.0056","Andhra Pradesh","Kadapa Airport","14.51","78.772778","CDP"
"Kubadupuram","16.468","79.9539","Andhra Pradesh","Kadapa Airport","14.51","78.772778","CDP"
"Polukallu","15.8284","77.7431","Andhra Pradesh","Kadapa Airport","14.51","78.772778","CDP"
"Linganaboyinacherla","16.3961","81.6598","Andhra Pradesh","Kadapa Airport","14.51","78.772778","CDP"
"Polavaram","17.2479","81.6432","Andhra Pradesh","Kadapa Airport","14.51","78.772778","CDP"
"Iskapalli","14.7363","80.0981","Andhra Pradesh","Kadapa Airport","14.51","78.772778","CDP"
"Arugollu","16.8253","81.5775","Andhra Pradesh","Kadapa Airport","14.51","78.772778","CDP"
"Kodigenahalli","13.8608","77.4792","Andhra Pradesh","Kadapa Airport","14.51","78.772778","CDP"
"Palkur","15.4144","78.2507","Andhra Pradesh","Kadapa Airport","14.51","78.772778","CDP"
"Bodagudipadu","14.7385","79.8602","Andhra Pradesh","Kadapa Airport","14.51","78.772778","CDP"
"Tummalapenta","15.0278","78.0234","Andhra Pradesh","Kadapa Airport","14.51","78.772778","CDP"
"Vempalle","13.5382","78.4604","Andhra Pradesh","Kadapa Airport","14.51","78.772778","CDP"
"Bhimadolu","16.8144","81.2617","Andhra Pradesh","Kadapa Airport","14.51","78.772778","CDP"
"Rayapalle","16.2828","81.2504","Andhra Pradesh","Kadapa Airport","14.51","78.772778","CDP"
"Razole","16.4743","81.8402","Andhra Pradesh","Kadapa Airport","14.51","78.772778","CDP"
"Duvva","16.7792","81.6242","Andhra Pradesh","Kadapa Airport","14.51","78.772778","CDP"
"Janapadu","16.4617","79.8699","Andhra Pradesh","Kadapa Airport","14.51","78.772778","CDP"
"Gudikallu","15.7441","77.476","Andhra Pradesh","Kadapa Airport","14.51","78.772778","CDP"
"Nallajerla","16.95","81.4","Andhra Pradesh","Kadapa Airport","14.51","78.772778","CDP"
"Chinna Mushidivada","17.8057","83.2033","Andhra Pradesh","Kadapa Airport","14.51","78.772778","CDP"
"Amaravati","16.573","80.358","Andhra Pradesh","Kadapa Airport","14.51","78.772778","CDP"
"Chimalapadu","16.8902","80.6505","Andhra Pradesh","Kadapa Airport","14.51","78.772778","CDP"
"Paruchuru","15.967","80.275","Andhra Pradesh","Kadapa Airport","14.51","78.772778","CDP"
"Mangalapur","13.6245","79.5803","Andhra Pradesh","Kadapa Airport","14.51","78.772778","CDP"
"Vemulapudi","17.6087","82.6138","Andhra Pradesh","Kadapa Airport","14.51","78.772778","CDP"
"Undrajavaram","16.7866","81.6997","Andhra Pradesh","Kadapa Airport","14.51","78.772778","CDP"
"Aginiparru","16.6817","80.7839","Andhra Pradesh","Kadapa Airport","14.51","78.772778","CDP"
"Doddipatla","16.5167","81.8436","Andhra Pradesh","Kadapa Airport","14.51","78.772778","CDP"
"Kathevaram","16.261","80.636","Andhra Pradesh","Kadapa Airport","14.51","78.772778","CDP"
"Bondada","16.5295","81.4549","Andhra Pradesh","Kadapa Airport","14.51","78.772778","CDP"
"Hissaramuruvani","15.771","77.4194","Andhra Pradesh","Kadapa Airport","14.51","78.772778","CDP"
"Penamaluru","16.4681","80.7194","Andhra Pradesh","Kadapa Airport","14.51","78.772778","CDP"
"Rajupalem","15.1385","79.996","Andhra Pradesh","Kadapa Airport","14.51","78.772778","CDP"
"Medapadu","17.0044","82.1001","Andhra Pradesh","Kadapa Airport","14.51","78.772778","CDP"
"Gurlapeta","18.1167","83.4167","Andhra Pradesh","Kadapa Airport","14.51","78.772778","CDP"
"Peddavadlapudi","16.4098","80.6114","Andhra Pradesh","Kadapa Airport","14.51","78.772778","CDP"
"Kalikiri","13.6333","78.8","Andhra Pradesh","Kadapa Airport","14.51","78.772778","CDP"
"Pandireddigudem","16.8","81.3167","Andhra Pradesh","Kadapa Airport","14.51","78.772778","CDP"
"Peddakurapadu","16.4833","80.2667","Andhra Pradesh","Kadapa Airport","14.51","78.772778","CDP"
"Dammennu","16.8255","81.7079","Andhra Pradesh","Kadapa Airport","14.51","78.772778","CDP"
"Kollipara","16.2877","80.7519","Andhra Pradesh","Kadapa Airport","14.51","78.772778","CDP"
"Lingamparti","17.2827","82.1231","Andhra Pradesh","Kadapa Airport","14.51","78.772778","CDP"
"Uppada","17.0833","82.3333","Andhra Pradesh","Kadapa Airport","14.51","78.772778","CDP"
"Mulakaluru","16.2776","80.0672","Andhra Pradesh","Kadapa Airport","14.51","78.772778","CDP"
"Lakkavaram","17.0628","81.2919","Andhra Pradesh","Kadapa Airport","14.51","78.772778","CDP"
"Kachavaram","16.5361","79.7187","Andhra Pradesh","Kadapa Airport","14.51","78.772778","CDP"
"Atmakuru","14.6452","77.3554","Andhra Pradesh","Kadapa Airport","14.51","78.772778","CDP"
"Pentapadu Kasba","16.7804","81.5254","Andhra Pradesh","Kadapa Airport","14.51","78.772778","CDP"
"Ganapavaram","15.9232","80.5856","Andhra Pradesh","Kadapa Airport","14.51","78.772778","CDP"
"Venkatagirikota","13.0012","78.4795","Andhra Pradesh","Kadapa Airport","14.51","78.772778","CDP"
"Nandyalampeta","14.7218","78.8083","Andhra Pradesh","Kadapa Airport","14.51","78.772778","CDP"
"Chodavaram","17.438","81.7781","Andhra Pradesh","Kadapa Airport","14.51","78.772778","CDP"
"Chinna Gollapalem","16.3701","81.5322","Andhra Pradesh","Kadapa Airport","14.51","78.772778","CDP"
"Jami","18.05","83.2667","Andhra Pradesh","Kadapa Airport","14.51","78.772778","CDP"
"Duvvuru","14.8333","78.65","Andhra Pradesh","Kadapa Airport","14.51","78.772778","CDP"
"Obalapuram","14.8","78.783","Andhra Pradesh","Kadapa Airport","14.51","78.772778","CDP"
"Madugula","17.9167","82.8","Andhra Pradesh","Kadapa Airport","14.51","78.772778","CDP"
"Battulapalle","14.5167","77.7833","Andhra Pradesh","Kadapa Airport","14.51","78.772778","CDP"
"Kotturu","17.2958","82.4752","Andhra Pradesh","Kadapa Airport","14.51","78.772778","CDP"
"Ponduru","18.3508","83.7567","Andhra Pradesh","Kadapa Airport","14.51","78.772778","CDP"
"Parigi","13.9069","77.4572","Andhra Pradesh","Kadapa Airport","14.51","78.772778","CDP"
"Belagal","15.8183","77.6702","Andhra Pradesh","Kadapa Airport","14.51","78.772778","CDP"
"Karedu","15.1833","80.0667","Andhra Pradesh","Kadapa Airport","14.51","78.772778","CDP"
"Coringa","16.8","82.2333","Andhra Pradesh","Kadapa Airport","14.51","78.772778","CDP"
"Zuvvaladinne","14.808","80.0705","Andhra Pradesh","Kadapa Airport","14.51","78.772778","CDP"
"Zaladanki","14.8843","79.9125","Andhra Pradesh","Kadapa Airport","14.51","78.772778","CDP"
"Guruvarajukuppam","13.1125","79.5472","Andhra Pradesh","Kadapa Airport","14.51","78.772778","CDP"
"Kolattur","13.3295","79.4797","Andhra Pradesh","Kadapa Airport","14.51","78.772778","CDP"
"Buttayagudem","17.2089","81.3014","Andhra Pradesh","Kadapa Airport","14.51","78.772778","CDP"
"Melavayi","13.9397","77.2256","Andhra Pradesh","Kadapa Airport","14.51","78.772778","CDP"
"Yenkuvarigudem","17.2055","81.1598","Andhra Pradesh","Kadapa Airport","14.51","78.772778","CDP"
"Chamarru","16.65","80.1333","Andhra Pradesh","Kadapa Airport","14.51","78.772778","CDP"
"Sabbavaram","17.79","83.123","Andhra Pradesh","Kadapa Airport","14.51","78.772778","CDP"
"Bukkapatnam","14.2","77.8","Andhra Pradesh","Kadapa Airport","14.51","78.772778","CDP"
"Pulakurti","15.7502","77.7091","Andhra Pradesh","Kadapa Airport","14.51","78.772778","CDP"
"Anndevarapeta","17.0937","81.5799","Andhra Pradesh","Kadapa Airport","14.51","78.772778","CDP"
"Papampeta","14.6855","77.578","Andhra Pradesh","Kadapa Airport","14.51","78.772778","CDP"
"Pittalavanipalem","15.9686","80.6054","Andhra Pradesh","Kadapa Airport","14.51","78.772778","CDP"
"Karvetnagar","13.4167","79.45","Andhra Pradesh","Kadapa Airport","14.51","78.772778","CDP"
"Velivennu","16.5034","81.4116","Andhra Pradesh","Kadapa Airport","14.51","78.772778","CDP"
"Pinneli","16.5689","79.8334","Andhra Pradesh","Kadapa Airport","14.51","78.772778","CDP"
"Ramachandrapuram","16.5689","81.6645","Andhra Pradesh","Kadapa Airport","14.51","78.772778","CDP"
"Doranala","15.9","79.1","Andhra Pradesh","Kadapa Airport","14.51","78.772778","CDP"
"Kaviti","19.0167","84.6833","Andhra Pradesh","Kadapa Airport","14.51","78.772778","CDP"
"Pata Putrela","17.0173","80.7137","Andhra Pradesh","Kadapa Airport","14.51","78.772778","CDP"
"Tetagunta","17.314","82.443","Andhra Pradesh","Kadapa Airport","14.51","78.772778","CDP"
"Mandasa","18.8683","84.463","Andhra Pradesh","Kadapa Airport","14.51","78.772778","CDP"
"Tanakallu","13.92","78.18","Andhra Pradesh","Kadapa Airport","14.51","78.772778","CDP"
"Kirikera","13.769","77.4841","Andhra Pradesh","Kadapa Airport","14.51","78.772778","CDP"
"Chinna Orampadu","14.0613","79.2671","Andhra Pradesh","Kadapa Airport","14.51","78.772778","CDP"
"Enamadala","16.2281","80.3306","Andhra Pradesh","Kadapa Airport","14.51","78.772778","CDP"
"Gundugolanu","16.7833","81.2333","Andhra Pradesh","Kadapa Airport","14.51","78.772778","CDP"
"Prattipadu","17.2333","82.2","Andhra Pradesh","Kadapa Airport","14.51","78.772778","CDP"
"Pedda Vegi","16.7708","81.1039","Andhra Pradesh","Kadapa Airport","14.51","78.772778","CDP"
"Denduluru","16.4527","81.0951","Andhra Pradesh","Kadapa Airport","14.51","78.772778","CDP"
"Kalipatnam","16.3904","81.5295","Andhra Pradesh","Kadapa Airport","14.51","78.772778","CDP"
"Allur","14.68","80.06","Andhra Pradesh","Kadapa Airport","14.51","78.772778","CDP"
"Owk","15.2167","78.1167","Andhra Pradesh","Kadapa Airport","14.51","78.772778","CDP"
"Kornepadu","16.2444","80.3857","Andhra Pradesh","Kadapa Airport","14.51","78.772778","CDP"
"Sher Muhammadpuram","18.2997","83.8331","Andhra Pradesh","Kadapa Airport","14.51","78.772778","CDP"
"Murukondapadu","15.9174","80.4131","Andhra Pradesh","Kadapa Airport","14.51","78.772778","CDP"
"Ganapavaram","16.7","81.4667","Andhra Pradesh","Kadapa Airport","14.51","78.772778","CDP"
"Chintapalle","16.8936","80.1387","Andhra Pradesh","Kadapa Airport","14.51","78.772778","CDP"
"Nandimandalam","14.4052","78.5246","Andhra Pradesh","Kadapa Airport","14.51","78.772778","CDP"
"Kautalam","15.7711","77.1239","Andhra Pradesh","Kadapa Airport","14.51","78.772778","CDP"
"Karanchedu","15.8823","80.317","Andhra Pradesh","Kadapa Airport","14.51","78.772778","CDP"
"Bayyanagudem","17.125","81.3628","Andhra Pradesh","Kadapa Airport","14.51","78.772778","CDP"
"Narasapuram","17.1016","81.0765","Andhra Pradesh","Kadapa Airport","14.51","78.772778","CDP"
"Nandavaram","16.017","77.531","Andhra Pradesh","Kadapa Airport","14.51","78.772778","CDP"
"Kunkalagunta","16.2969","79.8866","Andhra Pradesh","Kadapa Airport","14.51","78.772778","CDP"
"Chebrolu","16.1967","80.525","Andhra Pradesh","Kadapa Airport","14.51","78.772778","CDP"
"Rayavaram","17.3608","81.753","Andhra Pradesh","Kadapa Airport","14.51","78.772778","CDP"
"Tummalacheruvu","16.5246","79.7988","Andhra Pradesh","Kadapa Airport","14.51","78.772778","CDP"
"Kurabalakota","13.65","78.4833","Andhra Pradesh","Kadapa Airport","14.51","78.772778","CDP"
"Gopalapuram","17.1007","81.5406","Andhra Pradesh","Kadapa Airport","14.51","78.772778","CDP"
"Jidigunta","16.9098","81.8553","Andhra Pradesh","Kadapa Airport","14.51","78.772778","CDP"
"Krosuru","16.55","80.1331","Andhra Pradesh","Kadapa Airport","14.51","78.772778","CDP"
"Chennur","14.1473","79.8477","Andhra Pradesh","Kadapa Airport","14.51","78.772778","CDP"
"Sunkarevu","16.39","81.85","Andhra Pradesh","Kadapa Airport","14.51","78.772778","CDP"
"Kundurpi","14.2833","77.0333","Andhra Pradesh","Kadapa Airport","14.51","78.772778","CDP"
"Satyavedu","13.437","79.956","Andhra Pradesh","Kadapa Airport","14.51","78.772778","CDP"
"Rupenaguntla","16.3043","79.9991","Andhra Pradesh","Kadapa Airport","14.51","78.772778","CDP"
"Kalakada","13.8167","78.8","Andhra Pradesh","Kadapa Airport","14.51","78.772778","CDP"
"Pallipattu","13.3361","79.4413","Andhra Pradesh","Kadapa Airport","14.51","78.772778","CDP"
"Gundrajukuppam","13.3406","79.5687","Andhra Pradesh","Kadapa Airport","14.51","78.772778","CDP"
"Yalluru","15.3063","78.4559","Andhra Pradesh","Kadapa Airport","14.51","78.772778","CDP"
"Konakondla","15.1053","77.364","Andhra Pradesh","Kadapa Airport","14.51","78.772778","CDP"
"Cherlagandlapalem","16.0069","80.6117","Andhra Pradesh","Kadapa Airport","14.51","78.772778","CDP"
"Iskapalem","14.5416","79.8925","Andhra Pradesh","Kadapa Airport","14.51","78.772778","CDP"
"Kovurupalli","14.7772","79.9999","Andhra Pradesh","Kadapa Airport","14.51","78.772778","CDP"
"Narayanavanam","13.42","79.58","Andhra Pradesh","Kadapa Airport","14.51","78.772778","CDP"
"Chintakunta","14.6476","78.469","Andhra Pradesh","Kadapa Airport","14.51","78.772778","CDP"
"Talupula","14.25","78.2667","Andhra Pradesh","Kadapa Airport","14.51","78.772778","CDP"
"Kummarapurugupalem","16.3653","81.6192","Andhra Pradesh","Kadapa Airport","14.51","78.772778","CDP"
"Budili","13.9353","77.7355","Andhra Pradesh","Kadapa Airport","14.51","78.772778","CDP"
"Tadepalle","16.8454","81.4966","Andhra Pradesh","Kadapa Airport","14.51","78.772778","CDP"
"Guntupalle","16.568","80.548","Andhra Pradesh","Kadapa Airport","14.51","78.772778","CDP"
"Arambakkam","13.5258","80.071","Andhra Pradesh","Kadapa Airport","14.51","78.772778","CDP"
"Potukonda","17.2708","81.754","Andhra Pradesh","Kadapa Airport","14.51","78.772778","CDP"
"Nagalapuram","13.3889","79.7967","Andhra Pradesh","Kadapa Airport","14.51","78.772778","CDP"
"Palukudoddi","15.8504","77.6753","Andhra Pradesh","Kadapa Airport","14.51","78.772778","CDP"
"Murapaka","18.2282","83.7926","Andhra Pradesh","Kadapa Airport","14.51","78.772778","CDP"
"Duggirala","16.3271","80.628","Andhra Pradesh","Kadapa Airport","14.51","78.772778","CDP"
"Bhattiprolu","16.1026","80.7807","Andhra Pradesh","Kadapa Airport","14.51","78.772778","CDP"
"Pata Ellamilli","16.8473","81.4884","Andhra Pradesh","Kadapa Airport","14.51","78.772778","CDP"
"Elchuru","16.0813","79.9269","Andhra Pradesh","Kadapa Airport","14.51","78.772778","CDP"
"Sankhavaram","17.2704","82.3445","Andhra Pradesh","Kadapa Airport","14.51","78.772778","CDP"
"Perali","15.886","80.547","Andhra Pradesh","Kadapa Airport","14.51","78.772778","CDP"
"Rolla","13.8331","77.1","Andhra Pradesh","Kadapa Airport","14.51","78.772778","CDP"
"Chinna Annaluru","14.8913","79.6761","Andhra Pradesh","Kadapa Airport","14.51","78.772778","CDP"
"Edlapadu","16.1007","80.1339","Andhra Pradesh","Kadapa Airport","14.51","78.772778","CDP"
"Ramabhadrapuram","18.5","83.2833","Andhra Pradesh","Kadapa Airport","14.51","78.772778","CDP"
"Nallamada","14.2164","77.9944","Andhra Pradesh","Kadapa Airport","14.51","78.772778","CDP"
"Kalavapudi","16.4623","81.3887","Andhra Pradesh","Kadapa Airport","14.51","78.772778","CDP"
"Nadendla","16.175","80.1861","Andhra Pradesh","Kadapa Airport","14.51","78.772778","CDP"
"Swarna","15.8542","80.2858","Andhra Pradesh","Kadapa Airport","14.51","78.772778","CDP"
"Sankhavaram","15.0497","78.9836","Andhra Pradesh","Kadapa Airport","14.51","78.772778","CDP"
"Erraguntla","15.2821","78.5106","Andhra Pradesh","Kadapa Airport","14.51","78.772778","CDP"
"Rambilli","17.4644","82.9314","Andhra Pradesh","Kadapa Airport","14.51","78.772778","CDP"
"Palakollu","16.5333","81.7333","Andhra Pradesh","Kadapa Airport","14.51","78.772778","CDP"
"Yellayapalem","14.5378","79.9515","Andhra Pradesh","Kadapa Airport","14.51","78.772778","CDP"
"Mutluru","16.15","80.4833","Andhra Pradesh","Kadapa Airport","14.51","78.772778","CDP"
"Kondakomarla","14.0678","77.9561","Andhra Pradesh","Kadapa Airport","14.51","78.772778","CDP"
"Ravutulapudi","17.3833","82.3833","Andhra Pradesh","Kadapa Airport","14.51","78.772778","CDP"
"Nekarikallu","16.371","79.943","Andhra Pradesh","Kadapa Airport","14.51","78.772778","CDP"
"Mutukuru","16.3829","79.4664","Andhra Pradesh","Kadapa Airport","14.51","78.772778","CDP"
"Pragadavaram","17.0167","81.0167","Andhra Pradesh","Kadapa Airport","14.51","78.772778","CDP"
"Moda","13.8246","77.4421","Andhra Pradesh","Kadapa Airport","14.51","78.772778","CDP"
"Jaladurgam","15.284","77.9001","Andhra Pradesh","Kadapa Airport","14.51","78.772778","CDP"
"Komarolu","15.2667","79","Andhra Pradesh","Kadapa Airport","14.51","78.772778","CDP"
"Chandreru","17.098","81.9959","Andhra Pradesh","Kadapa Airport","14.51","78.772778","CDP"
"Rajanagaram","17.0833","81.9","Andhra Pradesh","Kadapa Airport","14.51","78.772778","CDP"
"Dharmavaram","17.23","82.228","Andhra Pradesh","Kadapa Airport","14.51","78.772778","CDP"
"Imani","16.3302","80.658","Andhra Pradesh","Kadapa Airport","14.51","78.772778","CDP"
"Enumulapalle","14.1446","77.8166","Andhra Pradesh","Kadapa Airport","14.51","78.772778","CDP"
"Sangam","14.5956","79.7428","Andhra Pradesh","Kadapa Airport","14.51","78.772778","CDP"
"Kattipudi","17.25","82.3333","Andhra Pradesh","Kadapa Airport","14.51","78.772778","CDP"
"Hemavati","14.0232","76.995","Andhra Pradesh","Kadapa Airport","14.51","78.772778","CDP"
"Gudibanda","13.9753","77.1046","Andhra Pradesh","Kadapa Airport","14.51","78.772778","CDP"
"Chinnamandem","13.9419","78.6814","Andhra Pradesh","Kadapa Airport","14.51","78.772778","CDP"
"Ghattu","13.6602","78.3331","Andhra Pradesh","Kadapa Airport","14.51","78.772778","CDP"
"Koppaka","16.7494","81.0311","Andhra Pradesh","Kadapa Airport","14.51","78.772778","CDP"
"Nagambhotlapalem","15.6804","79.8151","Andhra Pradesh","Kadapa Airport","14.51","78.772778","CDP"
"Devanakonda","15.5333","77.55","Andhra Pradesh","Kadapa Airport","14.51","78.772778","CDP"
"Krishnamsettipalle","15.3695","78.884","Andhra Pradesh","Kadapa Airport","14.51","78.772778","CDP"
"Gudlavalleru","16.35","81.05","Andhra Pradesh","Kadapa Airport","14.51","78.772778","CDP"
"Vikrutamala","13.6206","79.5642","Andhra Pradesh","Kadapa Airport","14.51","78.772778","CDP"
"Kopparam","16.0841","79.9874","Andhra Pradesh","Kadapa Airport","14.51","78.772778","CDP"
"Koduru","13.8692","77.7298","Andhra Pradesh","Kadapa Airport","14.51","78.772778","CDP"
"Tripurantakam","16.0007","79.4563","Andhra Pradesh","Kadapa Airport","14.51","78.772778","CDP"
"Matsavaram","16.6","79.7333","Andhra Pradesh","Kadapa Airport","14.51","78.772778","CDP"
"Nidamanuru","16.5066","80.7222","Andhra Pradesh","Kadapa Airport","14.51","78.772778","CDP"
"Peravali","15.2861","77.4997","Andhra Pradesh","Kadapa Airport","14.51","78.772778","CDP"
"Vellaturu","16.1209","79.6508","Andhra Pradesh","Kadapa Airport","14.51","78.772778","CDP"
"Maruteru","16.6237","81.7394","Andhra Pradesh","Kadapa Airport","14.51","78.772778","CDP"
"Konkavaripalle","13.7125","78.4861","Andhra Pradesh","Kadapa Airport","14.51","78.772778","CDP"
"Kamepalle","16.5191","79.835","Andhra Pradesh","Kadapa Airport","14.51","78.772778","CDP"
"Yadavolu","17.0619","81.4729","Andhra Pradesh","Kadapa Airport","14.51","78.772778","CDP"
"Lakkireddipalle","14.1667","78.7","Andhra Pradesh","Kadapa Airport","14.51","78.772778","CDP"
"Srisailain","16.0833","78.8667","Andhra Pradesh","Kadapa Airport","14.51","78.772778","CDP"
"Gaunivaripalle","13.9756","77.8768","Andhra Pradesh","Kadapa Airport","14.51","78.772778","CDP"
"Somireddipalle","14.8365","78.9062","Andhra Pradesh","Kadapa Airport","14.51","78.772778","CDP"
"Reddipalle","14.1993","78.0102","Andhra Pradesh","Kadapa Airport","14.51","78.772778","CDP"
"Apparaopeta","16.8987","81.5684","Andhra Pradesh","Kadapa Airport","14.51","78.772778","CDP"
"Potunuru","16.7442","81.2206","Andhra Pradesh","Kadapa Airport","14.51","78.772778","CDP"
"Nagasamudram","15.0556","77.5004","Andhra Pradesh","Kadapa Airport","14.51","78.772778","CDP"
"Kandulapuram","15.5976","79.1365","Andhra Pradesh","Kadapa Airport","14.51","78.772778","CDP"
"Kottapalem","16.5787","79.8756","Andhra Pradesh","Kadapa Airport","14.51","78.772778","CDP"
"Bellamkonda","16.4922","80.0089","Andhra Pradesh","Kadapa Airport","14.51","78.772778","CDP"
"Roddam","14.1","77.43","Andhra Pradesh","Kadapa Airport","14.51","78.772778","CDP"
"Vutukuru","14.5778","80.1423","Andhra Pradesh","Kadapa Airport","14.51","78.772778","CDP"
"Valaparla","15.9167","80.05","Andhra Pradesh","Kadapa Airport","14.51","78.772778","CDP"
"Kanteru","16.3906","80.5425","Andhra Pradesh","Kadapa Airport","14.51","78.772778","CDP"
"Kaza","16.3887","80.5412","Andhra Pradesh","Kadapa Airport","14.51","78.772778","CDP"
"Rompicherla","16.21","79.9087","Andhra Pradesh","Kadapa Airport","14.51","78.772778","CDP"
"Raparla","16.302","80.9674","Andhra Pradesh","Kadapa Airport","14.51","78.772778","CDP"
"Potavaram","17.0194","81.4128","Andhra Pradesh","Kadapa Airport","14.51","78.772778","CDP"
"Vaddadi","17.8474","82.8729","Andhra Pradesh","Kadapa Airport","14.51","78.772778","CDP"
"Kondakindi Agraharam","14.679","77.7401","Andhra Pradesh","Kadapa Airport","14.51","78.772778","CDP"
"Korosavada","18.7256","84.0573","Andhra Pradesh","Kadapa Airport","14.51","78.772778","CDP"
"Jangalapalle","14.8997","79.8936","Andhra Pradesh","Kadapa Airport","14.51","78.772778","CDP"
"Karapa","16.9","82.1667","Andhra Pradesh","Kadapa Airport","14.51","78.772778","CDP"
"Rangasamudram","14.9852","78.9765","Andhra Pradesh","Kadapa Airport","14.51","78.772778","CDP"
"Lepakshi","13.81","77.6","Andhra Pradesh","Kadapa Airport","14.51","78.772778","CDP"
"Ganapavaram","16.4314","80.0515","Andhra Pradesh","Kadapa Airport","14.51","78.772778","CDP"
"Munagapaka","17.6333","83","Andhra Pradesh","Kadapa Airport","14.51","78.772778","CDP"
"Medarametla","15.7167","80.0167","Andhra Pradesh","Kadapa Airport","14.51","78.772778","CDP"
"Nidamaluru","15.6547","80.0678","Andhra Pradesh","Kadapa Airport","14.51","78.772778","CDP"
"Kambhaladinne","15.1274","79.5413","Andhra Pradesh","Kadapa Airport","14.51","78.772778","CDP"
"Erraballa","14.3971","78.1744","Andhra Pradesh","Kadapa Airport","14.51","78.772778","CDP"
"Gulyam","15.3598","77.067","Andhra Pradesh","Kadapa Airport","14.51","78.772778","CDP"
"Itikalapalle","14.6013","77.6582","Andhra Pradesh","Kadapa Airport","14.51","78.772778","CDP"
"Erraguntlakota","13.9622","79.2768","Andhra Pradesh","Kadapa Airport","14.51","78.772778","CDP"
"Chakicherla","15.1127","80.0366","Andhra Pradesh","Kadapa Airport","14.51","78.772778","CDP"
"Ammanabrolu","15.5802","80.1488","Andhra Pradesh","Kadapa Airport","14.51","78.772778","CDP"
"Vedurupavaluru","16.5519","80.7309","Andhra Pradesh","Kadapa Airport","14.51","78.772778","CDP"
"Angalakuduru Malepalle","16.2392","80.6117","Andhra Pradesh","Kadapa Airport","14.51","78.772778","CDP"
"Dharmavaram","18.2164","83.8856","Andhra Pradesh","Kadapa Airport","14.51","78.772778","CDP"
"Pudimadaka","17.5","83.0167","Andhra Pradesh","Kadapa Airport","14.51","78.772778","CDP"
"Namakadu","14.006","80.1194","Andhra Pradesh","Kadapa Airport","14.51","78.772778","CDP"
"Chintapalle","17.8667","82.35","Andhra Pradesh","Kadapa Airport","14.51","78.772778","CDP"
"Reddigudem","16.8939","80.6917","Andhra Pradesh","Kadapa Airport","14.51","78.772778","CDP"
"Ommangi","17.2597","82.2236","Andhra Pradesh","Kadapa Airport","14.51","78.772778","CDP"
"Pedda Kotayalanka","16.1567","80.8314","Andhra Pradesh","Kadapa Airport","14.51","78.772778","CDP"
"Itamukkala","15.3731","80.113","Andhra Pradesh","Kadapa Airport","14.51","78.772778","CDP"
"Manubolu","14.1833","79.8833","Andhra Pradesh","Kadapa Airport","14.51","78.772778","CDP"
"Padarti","15.469","80.183","Andhra Pradesh","Kadapa Airport","14.51","78.772778","CDP"
"Nagulapadu","16.0634","80.3395","Andhra Pradesh","Kadapa Airport","14.51","78.772778","CDP"
"Paravada","17.6283","83.0793","Andhra Pradesh","Kadapa Airport","14.51","78.772778","CDP"
"Velpuru","16.1775","80.7425","Andhra Pradesh","Kadapa Airport","14.51","78.772778","CDP"
"Muddanuru","14.6667","78.4","Andhra Pradesh","Kadapa Airport","14.51","78.772778","CDP"
"Nallamadu","16.8802","81.3549","Andhra Pradesh","Kadapa Airport","14.51","78.772778","CDP"
"Ganguru","16.475","80.7411","Andhra Pradesh","Kadapa Airport","14.51","78.772778","CDP"
"Erravaram","17.5458","82.8433","Andhra Pradesh","Kadapa Airport","14.51","78.772778","CDP"
"Satuluru","16.2541","80.1214","Andhra Pradesh","Kadapa Airport","14.51","78.772778","CDP"
"Undavalli","16.4957","80.58","Andhra Pradesh","Kadapa Airport","14.51","78.772778","CDP"
"Rangasamudram","13.714","78.2645","Andhra Pradesh","Kadapa Airport","14.51","78.772778","CDP"
"Atlapadu","16.8877","81.6772","Andhra Pradesh","Kadapa Airport","14.51","78.772778","CDP"
"Vanipenta","14.7906","78.7805","Andhra Pradesh","Kadapa Airport","14.51","78.772778","CDP"
"Punnavalli","16.4062","80.401","Andhra Pradesh","Kadapa Airport","14.51","78.772778","CDP"
"Santamaguluru","16.1303","79.9486","Andhra Pradesh","Kadapa Airport","14.51","78.772778","CDP"
"Pulluru","16.8301","80.6226","Andhra Pradesh","Kadapa Airport","14.51","78.772778","CDP"
"Pondaluru","14.2535","79.2408","Andhra Pradesh","Kadapa Airport","14.51","78.772778","CDP"
"Velpuru","16.1496","79.863","Andhra Pradesh","Kadapa Airport","14.51","78.772778","CDP"
"Konidena","16.0156","80.057","Andhra Pradesh","Kadapa Airport","14.51","78.772778","CDP"
"Gandlapenta","14.05","78.3089","Andhra Pradesh","Kadapa Airport","14.51","78.772778","CDP"
"Kirlampudi","17.1919","82.1825","Andhra Pradesh","Kadapa Airport","14.51","78.772778","CDP"
"Rellivalasa","17.9108","83.41","Andhra Pradesh","Kadapa Airport","14.51","78.772778","CDP"
"Pagidyala","15.9333","78.3333","Andhra Pradesh","Kadapa Airport","14.51","78.772778","CDP"
"Sanampudi","16.086","79.835","Andhra Pradesh","Kadapa Airport","14.51","78.772778","CDP"
"Ittikelakunta","16.6797","81.7094","Andhra Pradesh","Kadapa Airport","14.51","78.772778","CDP"
"Nandamuru","16.8458","81.6466","Andhra Pradesh","Kadapa Airport","14.51","78.772778","CDP"
"Ramasingavaram","16.8863","81.1083","Andhra Pradesh","Kadapa Airport","14.51","78.772778","CDP"
"Kaikaram","16.812","81.366","Andhra Pradesh","Kadapa Airport","14.51","78.772778","CDP"
"Trovagunta","15.5509","80.0589","Andhra Pradesh","Kadapa Airport","14.51","78.772778","CDP"
"Muddada","18.2385","83.8687","Andhra Pradesh","Kadapa Airport","14.51","78.772778","CDP"
"Nadimpalem","16.2123","80.3097","Andhra Pradesh","Kadapa Airport","14.51","78.772778","CDP"
"Durgi","16.4286","79.5406","Andhra Pradesh","Kadapa Airport","14.51","78.772778","CDP"
"Molagavalli","15.3567","77.3301","Andhra Pradesh","Kadapa Airport","14.51","78.772778","CDP"
"Kommuru","16.0667","80.3667","Andhra Pradesh","Kadapa Airport","14.51","78.772778","CDP"
"Kankanalapalle","15.9923","79.4848","Andhra Pradesh","Kadapa Airport","14.51","78.772778","CDP"
"Elurupadu","16.5167","81.35","Andhra Pradesh","Kadapa Airport","14.51","78.772778","CDP"
"Devarapalle","17.9886","82.9811","Andhra Pradesh","Kadapa Airport","14.51","78.772778","CDP"
"Uppalaguptam","16.5667","82.1","Andhra Pradesh","Kadapa Airport","14.51","78.772778","CDP"
"Kadimetla","15.7376","77.5385","Andhra Pradesh","Kadapa Airport","14.51","78.772778","CDP"
"Rangapuram","15.4092","78.0746","Andhra Pradesh","Kadapa Airport","14.51","78.772778","CDP"
"Muppalla","16.3198","80.0927","Andhra Pradesh","Kadapa Airport","14.51","78.772778","CDP"
"Asudapuram","15.878","78.132","Andhra Pradesh","Kadapa Airport","14.51","78.772778","CDP"
"Bhogapuram","18.0311","83.4967","Andhra Pradesh","Kadapa Airport","14.51","78.772778","CDP"
"Nulivedu","14.1002","78.5548","Andhra Pradesh","Kadapa Airport","14.51","78.772778","CDP"
"Boddikurapadu","15.6591","79.7509","Andhra Pradesh","Kadapa Airport","14.51","78.772778","CDP"
"Nagayalanka","15.95","80.9167","Andhra Pradesh","Kadapa Airport","14.51","78.772778","CDP"
"Timmapuram","15.4887","78.5744","Andhra Pradesh","Kadapa Airport","14.51","78.772778","CDP"
"Satravada","13.3201","79.5488","Andhra Pradesh","Kadapa Airport","14.51","78.772778","CDP"
"Draksharama","16.7928","82.0635","Andhra Pradesh","Kadapa Airport","14.51","78.772778","CDP"
"Uppalapadu","16.3862","79.9983","Andhra Pradesh","Kadapa Airport","14.51","78.772778","CDP"
"Rajapudi","17.183","82.05","Andhra Pradesh","Kadapa Airport","14.51","78.772778","CDP"
"Oppicherla","16.4444","79.6967","Andhra Pradesh","Kadapa Airport","14.51","78.772778","CDP"
"Pedda Tumbalam","15.6328","77.1036","Andhra Pradesh","Kadapa Airport","14.51","78.772778","CDP"
"Gandikunta","16.1693","80.9443","Andhra Pradesh","Kadapa Airport","14.51","78.772778","CDP"
"Bendapudi","17.2673","82.3758","Andhra Pradesh","Kadapa Airport","14.51","78.772778","CDP"
"Katteragandla","15.0091","78.9584","Andhra Pradesh","Kadapa Airport","14.51","78.772778","CDP"
"Sitanagaram","16.2396","80.5855","Andhra Pradesh","Kadapa Airport","14.51","78.772778","CDP"
"Nutakki","16.4139","80.6506","Andhra Pradesh","Kadapa Airport","14.51","78.772778","CDP"
"Kondrukota","17.3477","81.6041","Andhra Pradesh","Kadapa Airport","14.51","78.772778","CDP"
"Gudimulakhandrika","16.382","81.7335","Andhra Pradesh","Kadapa Airport","14.51","78.772778","CDP"
"Vallahbhapuram","16.3528","80.7175","Andhra Pradesh","Kadapa Airport","14.51","78.772778","CDP"
"Chikkala","16.9698","81.5922","Andhra Pradesh","Kadapa Airport","14.51","78.772778","CDP"
"Morubagalu","13.9702","77.0411","Andhra Pradesh","Kadapa Airport","14.51","78.772778","CDP"
"Chinnayagudem","17.047","81.481","Andhra Pradesh","Kadapa Airport","14.51","78.772778","CDP"
"Konduru","16.678","80.573","Andhra Pradesh","Kadapa Airport","14.51","78.772778","CDP"
"Mangasamudram","13.2291","79.0909","Andhra Pradesh","Kadapa Airport","14.51","78.772778","CDP"
"Govindapalle","15.3525","78.5224","Andhra Pradesh","Kadapa Airport","14.51","78.772778","CDP"
"Chitrada","17.0802","82.2469","Andhra Pradesh","Kadapa Airport","14.51","78.772778","CDP"
"Tettu","13.6275","78.4322","Andhra Pradesh","Kadapa Airport","14.51","78.772778","CDP"
"Govindapuram","16.1548","80.1027","Andhra Pradesh","Kadapa Airport","14.51","78.772778","CDP"
"Kottapalem","17.436","82.495","Andhra Pradesh","Kadapa Airport","14.51","78.772778","CDP"
"Davuluru","16.2625","80.7436","Andhra Pradesh","Kadapa Airport","14.51","78.772778","CDP"
"Kanasanapalle","16.5227","80.7772","Andhra Pradesh","Kadapa Airport","14.51","78.772778","CDP"
"Viravada","17.1194","82.211","Andhra Pradesh","Kadapa Airport","14.51","78.772778","CDP"
"Venkatadripalem","16.0506","79.217","Andhra Pradesh","Kadapa Airport","14.51","78.772778","CDP"
"Uppugunduru","15.673","80.167","Andhra Pradesh","Kadapa Airport","14.51","78.772778","CDP"
"Kurichedu","15.9","79.5833","Andhra Pradesh","Kadapa Airport","14.51","78.772778","CDP"
"Madhavaram","16.89","81.5937","Andhra Pradesh","Kadapa Airport","14.51","78.772778","CDP"
"Jangalapalli","14.4818","79.8906","Andhra Pradesh","Kadapa Airport","14.51","78.772778","CDP"
"Kalicherla","13.8833","78.5333","Andhra Pradesh","Kadapa Airport","14.51","78.772778","CDP"
"Hirehaluhosahalli","15.0105","76.836","Andhra Pradesh","Kadapa Airport","14.51","78.772778","CDP"
"Panasapadu","17.0185","82.2349","Andhra Pradesh","Kadapa Airport","14.51","78.772778","CDP"
"Settivaripalle","14.7543","78.7649","Andhra Pradesh","Kadapa Airport","14.51","78.772778","CDP"
"Peddannavaripalle","14.2535","78.3384","Andhra Pradesh","Kadapa Airport","14.51","78.772778","CDP"
"Gudluru","15.0667","79.9","Andhra Pradesh","Kadapa Airport","14.51","78.772778","CDP"
"Telaprolu","16.586","80.89","Andhra Pradesh","Kadapa Airport","14.51","78.772778","CDP"
"Kattamuru","17.08","82.13","Andhra Pradesh","Kadapa Airport","14.51","78.772778","CDP"
"Hosuru","15.3797","77.4598","Andhra Pradesh","Kadapa Airport","14.51","78.772778","CDP"
"Ponnada","18.2536","83.9012","Andhra Pradesh","Kadapa Airport","14.51","78.772778","CDP"
"Yekambarakuppam","13.3168","79.5678","Andhra Pradesh","Kadapa Airport","14.51","78.772778","CDP"
"Unagatla","16.9611","81.661","Andhra Pradesh","Kadapa Airport","14.51","78.772778","CDP"
"Gazulapalle","15.4036","78.6176","Andhra Pradesh","Kadapa Airport","14.51","78.772778","CDP"
"Bayyavaram","17.6638","82.942","Andhra Pradesh","Kadapa Airport","14.51","78.772778","CDP"
"Chitvel","14.1667","79.3333","Andhra Pradesh","Kadapa Airport","14.51","78.772778","CDP"
"Kotabommali","18.5333","84.1667","Andhra Pradesh","Kadapa Airport","14.51","78.772778","CDP"
"Guttikonda","16.43","79.834","Andhra Pradesh","Kadapa Airport","14.51","78.772778","CDP"
"Kovvali","16.7333","81.1667","Andhra Pradesh","Kadapa Airport","14.51","78.772778","CDP"
"Channubanda","17.0331","80.8056","Andhra Pradesh","Kadapa Airport","14.51","78.772778","CDP"
"Lakhanapuram","18.7504","83.5534","Andhra Pradesh","Kadapa Airport","14.51","78.772778","CDP"
"Polakala","13.3458","78.8167","Andhra Pradesh","Kadapa Airport","14.51","78.772778","CDP"
"Agadallanka","16.7123","81.2732","Andhra Pradesh","Kadapa Airport","14.51","78.772778","CDP"
"Gangapatnam","14.5237","80.1521","Andhra Pradesh","Kadapa Airport","14.51","78.772778","CDP"
"Pullalacheruvu","16.1589","79.3986","Andhra Pradesh","Kadapa Airport","14.51","78.772778","CDP"
"Kadiyadda","16.8774","81.5149","Andhra Pradesh","Kadapa Airport","14.51","78.772778","CDP"
"Duvvuru","14.5507","79.8331","Andhra Pradesh","Kadapa Airport","14.51","78.772778","CDP"
"Vinjam","13.2544","79.263","Andhra Pradesh","Kadapa Airport","14.51","78.772778","CDP"
"Hamsavaram","17.2938","82.4942","Andhra Pradesh","Kadapa Airport","14.51","78.772778","CDP"
"Jonnagiri","15.2303","77.5714","Andhra Pradesh","Kadapa Airport","14.51","78.772778","CDP"
"Kodavatipudi","17.4887","82.6046","Andhra Pradesh","Kadapa Airport","14.51","78.772778","CDP"
"Valasa","14.1632","76.9469","Andhra Pradesh","Kadapa Airport","14.51","78.772778","CDP"
"Adigoppula","16.4402","79.6235","Andhra Pradesh","Kadapa Airport","14.51","78.772778","CDP"
"Penugolanu","16.9771","80.4369","Andhra Pradesh","Kadapa Airport","14.51","78.772778","CDP"
"Gudivada","17.3974","82.7908","Andhra Pradesh","Kadapa Airport","14.51","78.772778","CDP"
"Sriramapuram","16.18","80.29","Andhra Pradesh","Kadapa Airport","14.51","78.772778","CDP"
"Idupugallu","16.4609","80.7543","Andhra Pradesh","Kadapa Airport","14.51","78.772778","CDP"
"Vidapanakallu","15.0667","77.1833","Andhra Pradesh","Kadapa Airport","14.51","78.772778","CDP"
"Zulakallu","16.4442","79.7874","Andhra Pradesh","Kadapa Airport","14.51","78.772778","CDP"
"Hiramandalam","18.6708","83.9505","Andhra Pradesh","Kadapa Airport","14.51","78.772778","CDP"
"Pasivedalajimma","16.9952","81.7","Andhra Pradesh","Kadapa Airport","14.51","78.772778","CDP"
"Teranikallu","15.6392","77.5303","Andhra Pradesh","Kadapa Airport","14.51","78.772778","CDP"
"Pedda Nindrakolanu","16.7342","81.3941","Andhra Pradesh","Kadapa Airport","14.51","78.772778","CDP"
"Rudravaram","15.266","78.628","Andhra Pradesh","Kadapa Airport","14.51","78.772778","CDP"
"Malaimarpuram","14.2096","79.3072","Andhra Pradesh","Kadapa Airport","14.51","78.772778","CDP"
"Pendekallu","15.3753","77.6242","Andhra Pradesh","Kadapa Airport","14.51","78.772778","CDP"
"Pillutla","16.539","79.9044","Andhra Pradesh","Kadapa Airport","14.51","78.772778","CDP"
"Virapalle","14.1556","78.8569","Andhra Pradesh","Kadapa Airport","14.51","78.772778","CDP"
"Angallu","13.6287","78.4857","Andhra Pradesh","Kadapa Airport","14.51","78.772778","CDP"
"Bommagondanahalli","13.8984","77.0733","Andhra Pradesh","Kadapa Airport","14.51","78.772778","CDP"
"Koppunur","16.4867","79.3318","Andhra Pradesh","Kadapa Airport","14.51","78.772778","CDP"
"Kambhampadu","16.9853","80.6534","Andhra Pradesh","Kadapa Airport","14.51","78.772778","CDP"
"Pyalakurti","15.7286","77.8168","Andhra Pradesh","Kadapa Airport","14.51","78.772778","CDP"
"Rompicherla","13.7228","79.0542","Andhra Pradesh","Kadapa Airport","14.51","78.772778","CDP"
"Guntapalli","14.7385","79.04","Andhra Pradesh","Kadapa Airport","14.51","78.772778","CDP"
"Chintakommadinne","14.4267","78.7618","Andhra Pradesh","Kadapa Airport","14.51","78.772778","CDP"
"Vanukuru","16.4406","80.7379","Andhra Pradesh","Kadapa Airport","14.51","78.772778","CDP"
"Kottadindulu","16.3518","81.5915","Andhra Pradesh","Kadapa Airport","14.51","78.772778","CDP"
"Dirusumarru","16.4722","81.5295","Andhra Pradesh","Kadapa Airport","14.51","78.772778","CDP"
"Tokatippa","16.2836","81.5024","Andhra Pradesh","Kadapa Airport","14.51","78.772778","CDP"
"Achchampeta","17.0941","82.3099","Andhra Pradesh","Kadapa Airport","14.51","78.772778","CDP"
"Amudalapalle","15.9301","80.6899","Andhra Pradesh","Kadapa Airport","14.51","78.772778","CDP"
"Anantasagaram","14.5833","79.4167","Andhra Pradesh","Kadapa Airport","14.51","78.772778","CDP"
"Bandamurlanka","16.517","81.988","Andhra Pradesh","Kadapa Airport","14.51","78.772778","CDP"
"Dharmajigudem","16.54","81","Andhra Pradesh","Kadapa Airport","14.51","78.772778","CDP"
"Miduturu","15.7667","78.3","Andhra Pradesh","Kadapa Airport","14.51","78.772778","CDP"
"Chapalamadugu","16.073","79.3775","Andhra Pradesh","Kadapa Airport","14.51","78.772778","CDP"
"Tadinada","16.547","81.3219","Andhra Pradesh","Kadapa Airport","14.51","78.772778","CDP"
"Kolumalapalle","15.4774","78.1293","Andhra Pradesh","Kadapa Airport","14.51","78.772778","CDP"
"Tsallagundla","16.3522","79.9619","Andhra Pradesh","Kadapa Airport","14.51","78.772778","CDP"
"Kandanati","15.6997","77.4757","Andhra Pradesh","Kadapa Airport","14.51","78.772778","CDP"
"Mandalapalle","14.0209","77.7511","Andhra Pradesh","Kadapa Airport","14.51","78.772778","CDP"
"Repala","15","79.7","Andhra Pradesh","Kadapa Airport","14.51","78.772778","CDP"
"Pedda Penki","18.5853","83.5069","Andhra Pradesh","Kadapa Airport","14.51","78.772778","CDP"
"Munnelli","14.92","78.9546","Andhra Pradesh","Kadapa Airport","14.51","78.772778","CDP"
"Itanagar","27.1","93.62","Arunachal Pradesh","Daporijo Airport","27.98550034","94.22280121","DEP"
"Pasighat","28.07","95.33","Arunachal Pradesh","Daporijo Airport","27.98550034","94.22280121","DEP"
"Koloriang","27.9167","93.35","Arunachal Pradesh","Daporijo Airport","27.98550034","94.22280121","DEP"
"Tezu","27.92","96.17","Arunachal Pradesh","Daporijo Airport","27.98550034","94.22280121","DEP"
"Ziro","27.5664","93.8314","Arunachal Pradesh","Daporijo Airport","27.98550034","94.22280121","DEP"
"Khagam","27.32","95.9","Arunachal Pradesh","Daporijo Airport","27.98550034","94.22280121","DEP"
